#,Average,std
1,2.46,0.5009082659620331
2,2.1052631578947367,0.3153017676423058
