#,Averages,std
1,1.0,0.0
2,1.0,0.0
3,1.0,0.0
4,1.0,0.0
5,1.0,0.0
6,1.0,0.0
7,1.0,0.0
8,3.59,0.4943110704237103
9,1.0,0.0
10,2.19,0.3942772444036625
11,1.0,0.0
12,1.11,0.3144660377352202
13,1.0,0.0
14,1.0,0.0
15,2.0,0.0
16,1.0,0.0
17,1.0,0.0
18,2.0,0.0
19,4.0,0.0
20,2.0,0.0
21,3.26,0.44084400227680814
22,2.0,0.0
23,1.0,0.0
24,2.49,0.5024183937956915
25,4.08,0.272659924344291
26,4.75,0.43519413988924444
27,5.0,0.0
28,5.0,0.0
29,5.0,0.0
30,5.0,0.0
31,5.0,0.0
