#,Averages,std
1,1.0,0.0
2,1.0,0.0
3,1.0,0.0
4,1.0,0.0
5,1.0,0.0
6,1.0,0.0
7,1.0,0.0
8,3.71,0.45604802157206875
9,1.0,0.0
10,2.18,0.38612291966536905
11,1.0,0.0
12,1.14,0.3487350880197771
13,1.0,0.0
14,1.0,0.0
15,2.0,0.0
16,1.0,0.0
17,1.0,0.0
18,2.0,0.0
19,4.0,0.0
20,2.0,0.0
21,3.22,0.4163331998932266
22,2.0,0.0
23,1.0,0.0
24,2.43,0.49756985195624326
25,4.1,0.3015113445777636
26,4.62,0.4878317312145634
27,5.0,0.0
28,5.0,0.0
29,5.0,0.0
30,5.0,0.0
31,5.0,0.0
