#,Average,std
1,1.0,0.0
2,1.0,0.0
3,2.9,0.31622776601683794
4,1.6,0.5163977794943222
5,1.0,0.0
6,1.0,0.0
7,1.0,0.0
8,1.0,0.0
9,1.0,0.0
10,2.9,0.31622776601683805
11,2.0,0.0
12,3.9,0.31622776601683794
13,3.3,0.4830458915396479
14,1.0,0.0
15,2.0,0.0
16,4.0,0.0
17,1.8,0.4216370213557839
18,1.0,0.0
19,2.1,0.31622776601683794
20,1.0,0.0
21,1.0,0.0
22,1.0,0.0
23,1.0,0.0
24,3.0,0.0
25,1.0,0.0
26,1.7,0.48304589153964794
27,1.1,0.31622776601683794
28,3.0,0.0
29,1.0,0.0
30,1.0,0.0
31,1.0,0.0
