#,Averages,std
1,1.1,0.31622776601683794
2,1.0,0.0
3,1.0,0.0
4,1.0,0.0
5,1.0,0.0
6,1.0,0.0
7,1.0,0.0
8,4.0,0.0
9,2.9,0.31622776601683805
10,2.1,0.31622776601683794
11,2.4,0.5163977794943222
12,1.9,0.31622776601683794
13,1.0,0.0
14,1.0,0.0
15,2.5,0.5270462766947298
16,1.0,0.0
17,1.0,0.0
18,2.0,0.0
19,4.0,0.0
20,3.0,0.4714045207910318
21,3.0,0.0
22,2.0,0.0
23,2.0,0.0
24,3.3,0.4830458915396479
25,5.0,0.0
26,5.0,0.0
27,5.0,0.0
28,5.0,0.0
29,4.9,0.31622776601683794
30,5.0,0.0
31,5.0,0.0
