#,Average,std
1,1.0,0.0
2,1.98,0.14070529413628965
3,1.0,0.0
4,1.16,0.3684529491774707
5,2.0,0.0
6,3.0,0.0
7,2.84,0.36845294917747057
8,1.0,0.0
9,1.0,0.0
10,1.0,0.0
11,2.0,0.0
12,1.0,0.0
13,1.0,0.0
14,1.96,0.24287836253956216
15,5.0,0.0
16,5.0,0.0
17,1.02,0.14070529413628968
