#,Average,std
1,1.02,0.14070529413628968
2,1.99,0.3013437917198242
3,1.01,0.09999999999999999
4,1.48,0.5021167315686783
5,2.97,0.3
6,3.19,0.44255913261233903
7,3.05,0.5198095999517711
8,2.12,0.4980771105770753
9,1.06,0.23868325657594203
10,1.0,0.0
11,2.86,0.49277609806917666
12,1.0,0.0
13,1.0,0.0
14,2.35,0.7571210756756962
15,5.0,0.0
16,5.0,0.0
17,1.99,0.7976607212735412
