#,Average,std
1,1.0,0.0
2,1.0,0.0
3,1.0,0.0
4,1.0,0.0
5,1.0,0.0
6,1.0,0.0
7,1.0,0.0
8,3.6,0.4923659639173308
9,1.0,0.0
10,2.27,0.468287229478799
11,1.0,0.0
12,1.3,0.4605661864718382
13,1.0,0.0
14,1.0,0.0
15,2.0,0.0
16,1.0,0.0
17,1.0,0.0
18,4.0,0.0
19,3.7,0.4605661864718382
20,1.96,0.19694638556693242
21,3.17,0.3775251680686369
22,2.0,0.0
23,1.0,0.0
24,2.49,0.5024183937956913
25,4.07,0.25643239997624284
26,4.7,0.46056618647183833
27,5.0,0.0
28,5.0,0.0
29,5.0,0.0
30,5.0,0.0
31,5.0,0.0
