#,Average,std
1,1.0,0.0
2,1.32,0.47121207149916117
3,1.0,0.0
4,1.0,0.0
5,3.02,0.1414213562373095
6,3.4,0.49487165930539356
7,2.02,0.24414717515722956
8,1.94,0.2398979374820952
9,1.0,0.0
10,1.0,0.0
11,2.56,0.501426536422407
12,1.0,0.0
13,1.0,0.0
14,1.02,0.14142135623730953
15,5.0,0.0
16,5.0,0.0
17,1.0,0.0
