#,Average,std
1,1.98,0.14142135623730953
2,1.98,0.14142135623730953
3,1.92,0.2740475156178696
4,1.92,0.34046786536608525
5,2.86,0.35050983275386516
6,3.78,0.581693516328638
7,2.04,0.28284271247461906
8,2.0,0.0
9,1.9,0.3030457633656634
10,1.92,0.2740475156178697
11,1.96,0.1979486637221575
12,1.06,0.2398979374820952
13,1.08,0.27404751561786966
14,1.98,0.14142135623730953
15,4.02,0.14142135623730942
16,4.82,0.38808793449160406
17,1.94,0.2398979374820952
