#,Average,std
1,1.0,0.0
2,1.72,0.45355736761107274
3,1.0,0.0
4,1.0,0.0
5,2.98,0.42809497325062
6,3.64,0.48487322138506106
7,2.26,0.4430874976934521
8,1.62,0.4903143514780147
9,1.0,0.0
10,1.06,0.2398979374820952
11,2.3,0.4629100498862757
12,1.0,0.0
13,1.0,0.0
14,1.0,0.0
15,5.0,0.0
16,5.0,0.0
17,1.08,0.27404751561786966
